"ID_OS;TAG;Equipamento;Setor;Tipo;Data_Abertura;Prazo;Data_Conclusao;Status;Responsavel;Prioridade"
"OS-001;CMP-002;Compressor de ar 2;Utilidades;Preventiva;2026-07-22;2026-08-21;2026-08-27;Concluída;Ana Souza;Alta"
"OS-002;ARC-001;Ar-condicionado central;Predial;Preventiva;2026-07-22;2026-08-21;2026-08-19;Concluída;Rafael Costa;Média"
"OS-003;TRN-001;Torno CNC;Produção;Preventiva;2026-07-24;2026-08-23;2026-08-18;Concluída;Paula Mendes;Média"
"OS-004;TRN-001;Torno CNC;Produção;Preventiva;2026-07-25;2026-08-14;2026-08-11;Concluída;Ana Souza;Média"
"OS-005;BMB-002;Bomba centrífuga 2;Utilidades;Preventiva;2026-07-28;2026-08-12;2026-08-07;Concluída;Paula Mendes;Média"
"OS-006;BMB-001;Bomba centrífuga 1;Utilidades;Preventiva;2026-08-05;2026-08-20;2026-08-20;Concluída;Ana Souza;Alta"
"OS-007;PRS-001;Prensa hidráulica;Produção;Preventiva;2026-08-05;2026-08-25;2026-08-20;Concluída;Paula Mendes;Alta"
"OS-008;GER-001;Gerador diesel;Elétrica;Preventiva;2026-08-06;2026-08-13;2026-08-11;Concluída;Rafael Costa;Baixa"
"OS-009;TRF-001;Transformador 500 kVA;Elétrica;Preventiva;2026-08-07;2026-08-17;2026-08-16;Concluída;Ana Souza;Baixa"
"OS-010;TRN-001;Torno CNC;Produção;Preventiva;2026-08-08;2026-08-15;2026-08-12;Concluída;Paula Mendes;Média"
"OS-011;QDF-002;Quadro de distribuição B;Elétrica;Preventiva;2026-08-08;2026-08-15;2026-08-21;Concluída;Paula Mendes;Média"
"OS-012;ELV-001;Elevador de carga;Predial;Preventiva;2026-08-10;2026-08-20;2026-08-18;Concluída;Marcos Pereira;Média"
"OS-013;BMB-003;Bomba dosadora;Utilidades;Preventiva;2026-08-11;2026-08-31;2026-08-27;Concluída;Carlos Lima;Baixa"
"OS-014;TRN-001;Torno CNC;Produção;Preventiva;2026-08-12;2026-09-01;2026-08-28;Concluída;Juliana Alves;Média"
"OS-015;CDR-001;Caldeira a vapor;Utilidades;Preventiva;2026-08-15;2026-08-22;2026-08-19;Concluída;Ana Souza;Alta"
"OS-016;ARC-002;Ar-condicionado split sala 2;Predial;Preventiva;2026-08-16;2026-09-15;2026-09-15;Concluída;Ana Souza;Média"
"OS-017;BMB-001;Bomba centrífuga 1;Utilidades;Preventiva;2026-08-17;2026-09-01;2026-08-29;Concluída;Ana Souza;Baixa"
"OS-018;QDF-001;Quadro de distribuição A;Elétrica;Preventiva;2026-08-18;2026-08-28;2026-08-28;Concluída;Juliana Alves;Baixa"
"OS-019;BCI-001;Bomba de incêndio;Predial;Preventiva;2026-08-19;2026-09-08;2026-09-16;Concluída;Rafael Costa;Alta"
"OS-020;CDR-001;Caldeira a vapor;Utilidades;Preventiva;2026-08-19;2026-08-26;2026-08-23;Concluída;Marcos Pereira;Baixa"
"OS-021;CMP-002;Compressor de ar 2;Utilidades;Preventiva;2026-08-20;2026-08-27;2026-09-05;Concluída;Juliana Alves;Média"
"OS-022;ARC-001;Ar-condicionado central;Predial;Preventiva;2026-08-20;2026-09-09;;Em andamento;Paula Mendes;Baixa"
"OS-023;BCI-001;Bomba de incêndio;Predial;Preventiva;2026-08-22;2026-09-11;2026-09-13;Concluída;Rafael Costa;Baixa"
"OS-024;CMP-002;Compressor de ar 2;Utilidades;Preventiva;2026-08-22;2026-09-11;2026-09-08;Concluída;Marcos Pereira;Baixa"
"OS-025;ELV-002;Elevador social;Predial;Preventiva;2026-08-23;2026-09-02;2026-09-10;Concluída;Marcos Pereira;Baixa"
"OS-026;ARC-002;Ar-condicionado split sala 2;Predial;Preventiva;2026-08-24;2026-09-13;2026-09-17;Concluída;Ana Souza;Média"
"OS-027;BMB-001;Bomba centrífuga 1;Utilidades;Preventiva;2026-08-24;2026-09-23;2026-09-26;Concluída;Juliana Alves;Média"
"OS-028;ARC-001;Ar-condicionado central;Predial;Preventiva;2026-08-28;2026-09-17;;Em andamento;Paula Mendes;Média"
"OS-029;QDF-002;Quadro de distribuição B;Elétrica;Preventiva;2026-08-28;2026-09-04;2026-09-10;Concluída;Paula Mendes;Baixa"
"OS-030;ARC-002;Ar-condicionado split sala 2;Predial;Preventiva;2026-08-30;2026-09-06;;Em andamento;Paula Mendes;Média"
"OS-031;TRF-001;Transformador 500 kVA;Elétrica;Preventiva;2026-08-30;2026-09-19;2026-09-16;Concluída;Paula Mendes;Média"
"OS-032;BCI-001;Bomba de incêndio;Predial;Preventiva;2026-08-31;2026-09-07;;Em andamento;Carlos Lima;Média"
"OS-033;BMB-002;Bomba centrífuga 2;Utilidades;Preventiva;2026-08-31;2026-09-10;2026-09-18;Concluída;Paula Mendes;Baixa"
"OS-034;ARC-002;Ar-condicionado split sala 2;Predial;Preventiva;2026-09-01;2026-09-11;;Aberta;Marcos Pereira;Média"
"OS-035;ARC-002;Ar-condicionado split sala 2;Predial;Preventiva;2026-09-01;2026-09-11;;Aberta;Rafael Costa;Alta"
"OS-036;TRN-001;Torno CNC;Produção;Preventiva;2026-09-02;2026-09-17;2026-09-17;Concluída;Ana Souza;Alta"
"OS-037;CDR-001;Caldeira a vapor;Utilidades;Preventiva;2026-09-02;2026-09-22;;Aberta;Paula Mendes;Alta"
"OS-038;ARC-001;Ar-condicionado central;Predial;Preventiva;2026-09-03;2026-09-23;2026-09-22;Concluída;Carlos Lima;Média"
"OS-039;CMP-002;Compressor de ar 2;Utilidades;Preventiva;2026-09-08;2026-09-18;2026-09-21;Concluída;Juliana Alves;Alta"
"OS-040;ARC-002;Ar-condicionado split sala 2;Predial;Preventiva;2026-09-08;2026-10-08;;Aberta;Paula Mendes;Baixa"
"OS-041;ESP-001;Esteira transportadora;Produção;Preventiva;2026-09-08;2026-09-18;2026-09-14;Concluída;Rafael Costa;Baixa"
"OS-042;BMB-001;Bomba centrífuga 1;Utilidades;Preventiva;2026-09-08;2026-09-18;2026-09-24;Concluída;Carlos Lima;Média"
"OS-043;PRS-001;Prensa hidráulica;Produção;Preventiva;2026-09-09;2026-09-16;;Aberta;Rafael Costa;Média"
"OS-044;BCI-001;Bomba de incêndio;Predial;Preventiva;2026-09-09;2026-10-09;;Aberta;Juliana Alves;Baixa"
"OS-045;CDR-001;Caldeira a vapor;Utilidades;Preventiva;2026-09-09;2026-10-09;;Aberta;Juliana Alves;Média"
"OS-046;QDF-001;Quadro de distribuição A;Elétrica;Preventiva;2026-09-09;2026-10-09;;Aberta;Marcos Pereira;Baixa"
"OS-047;EXA-001;Exaustor industrial;Produção;Preventiva;2026-09-09;2026-10-09;;Em andamento;Juliana Alves;Média"
"OS-048;CMP-002;Compressor de ar 2;Utilidades;Preventiva;2026-09-12;2026-10-02;;Em andamento;Ana Souza;Baixa"
"OS-049;CMP-002;Compressor de ar 2;Utilidades;Preventiva;2026-09-14;2026-09-29;;Em andamento;Marcos Pereira;Média"
"OS-050;GER-001;Gerador diesel;Elétrica;Preventiva;2026-09-15;2026-10-15;;Aberta;Paula Mendes;Média"
"OS-051;EXA-001;Exaustor industrial;Produção;Preventiva;2026-09-17;2026-09-24;;Aberta;Juliana Alves;Baixa"
"OS-052;PRS-001;Prensa hidráulica;Produção;Preventiva;2026-09-18;2026-10-08;;Em andamento;Juliana Alves;Média"
"OS-053;CMP-001;Compressor de ar 1;Utilidades;Preventiva;2026-09-21;2026-10-06;;Em andamento;Marcos Pereira;Média"
"OS-054;BMB-001;Bomba centrífuga 1;Utilidades;Preventiva;2026-09-22;2026-10-07;;Em andamento;Rafael Costa;Média"
"OS-055;BMB-001;Bomba centrífuga 1;Utilidades;Preventiva;2026-09-24;2026-10-14;;Aberta;Paula Mendes;Média"
"OS-056;BMB-003;Bomba dosadora;Utilidades;Preventiva;2026-09-25;2026-10-05;;Aberta;Carlos Lima;Baixa"
"OS-057;CMP-002;Compressor de ar 2;Utilidades;Preventiva;2026-09-25;2026-10-25;;Aberta;Ana Souza;Média"
"OS-058;CMP-002;Compressor de ar 2;Utilidades;Preventiva;2026-09-25;2026-10-15;;Aberta;Carlos Lima;Média"
"OS-059;BMB-001;Bomba centrífuga 1;Utilidades;Preventiva;2026-09-26;2026-10-16;;Em andamento;Carlos Lima;Baixa"
"OS-060;EXA-001;Exaustor industrial;Produção;Preventiva;2026-09-26;2026-10-11;;Em andamento;Paula Mendes;Média"
"OS-061;QDF-001;Quadro de distribuição A;Elétrica;Preventiva;2026-09-26;2026-10-03;;Em andamento;Juliana Alves;Média"
"OS-062;ARC-001;Ar-condicionado central;Predial;Preventiva;2026-09-26;2026-10-06;;Aberta;Rafael Costa;Baixa"
"OS-063;ESP-001;Esteira transportadora;Produção;Preventiva;2026-09-26;2026-10-16;;Aberta;Carlos Lima;Média"
"OS-064;EXA-001;Exaustor industrial;Produção;Preventiva;2026-09-26;2026-10-06;;Aberta;Juliana Alves;Baixa"
"OS-065;TRF-001;Transformador 500 kVA;Elétrica;Preventiva;2026-09-27;2026-10-27;;Em andamento;Rafael Costa;Baixa"
"OS-066;QDF-002;Quadro de distribuição B;Elétrica;Preventiva;2026-09-28;2026-10-05;;Aberta;Marcos Pereira;Média"
"OS-067;TRF-001;Transformador 500 kVA;Elétrica;Preventiva;2026-09-28;2026-10-08;;Aberta;Marcos Pereira;Alta"
"OS-068;CDR-001;Caldeira a vapor;Utilidades;Preventiva;2026-09-28;2026-10-05;;Em andamento;Ana Souza;Média"
"OS-069;EXA-001;Exaustor industrial;Produção;Preventiva;2026-09-28;2026-10-18;;Aberta;Marcos Pereira;Média"
"OS-070;ELV-002;Elevador social;Predial;Preventiva;2026-09-29;2026-10-29;;Aberta;Ana Souza;Baixa"
"OS-071;CMP-001;Compressor de ar 1;Utilidades;Preventiva;2026-09-29;2026-10-09;;Aberta;Marcos Pereira;Alta"
"OS-072;ESP-001;Esteira transportadora;Produção;Preventiva;2026-09-30;2026-10-15;;Em andamento;Ana Souza;Média"
"OS-073;TRF-001;Transformador 500 kVA;Elétrica;Preventiva;2026-09-30;2026-10-10;;Aberta;Ana Souza;Média"
"OS-074;BMB-001;Bomba centrífuga 1;Utilidades;Preventiva;2026-10-02;2026-10-09;;Aberta;Rafael Costa;Alta"
"OS-075;BMB-003;Bomba dosadora;Utilidades;Preventiva;2026-10-03;2026-11-02;;Aberta;Ana Souza;Média"
"OS-076;BMB-002;Bomba centrífuga 2;Utilidades;Preventiva;2026-10-04;2026-10-14;;Em andamento;Ana Souza;Média"
"OS-077;QDF-002;Quadro de distribuição B;Elétrica;Preventiva;2026-10-05;2026-10-15;;Em andamento;Juliana Alves;Média"
"OS-078;BMB-001;Bomba centrífuga 1;Utilidades;Preventiva;2026-10-07;2026-10-27;;Aberta;Rafael Costa;Alta"
"OS-079;QDF-001;Quadro de distribuição A;Elétrica;Preventiva;2026-10-09;2026-11-08;;Aberta;Marcos Pereira;Baixa"
"OS-080;BCI-001;Bomba de incêndio;Predial;Preventiva;2026-10-09;2026-10-24;;Em andamento;Rafael Costa;Média"
"OS-081;CDR-001;Caldeira a vapor;Utilidades;Preventiva;2026-10-10;2026-10-25;;Aberta;Marcos Pereira;Baixa"
"OS-082;ELV-001;Elevador de carga;Predial;Preventiva;2026-10-10;2026-10-30;;Aberta;Paula Mendes;Média"
"OS-083;BMB-001;Bomba centrífuga 1;Utilidades;Preventiva;2026-10-10;2026-10-17;;Aberta;Ana Souza;Alta"
"OS-084;QDF-001;Quadro de distribuição A;Elétrica;Preventiva;2026-10-11;2026-11-10;;Aberta;Juliana Alves;Média"
"OS-085;QDF-001;Quadro de distribuição A;Elétrica;Preventiva;2026-10-12;2026-10-19;;Em andamento;Ana Souza;Alta"
"OS-086;ELV-001;Elevador de carga;Predial;Preventiva;2026-10-13;2026-10-20;;Aberta;Rafael Costa;Alta"
"OS-087;GER-001;Gerador diesel;Elétrica;Preventiva;2026-10-15;2026-10-30;;Aberta;Marcos Pereira;Alta"
"OS-088;ELV-001;Elevador de carga;Predial;Preventiva;2026-10-15;2026-10-22;;Em andamento;Marcos Pereira;Média"
"OS-089;PRS-001;Prensa hidráulica;Produção;Preventiva;2026-10-17;2026-10-27;;Aberta;Marcos Pereira;Média"
"OS-090;CMP-002;Compressor de ar 2;Utilidades;Preventiva;2026-10-17;2026-10-24;;Aberta;Carlos Lima;Média"
"OS-091;CMP-001;Compressor de ar 1;Utilidades;Preventiva;2026-10-18;2026-10-28;;Aberta;Paula Mendes;Baixa"
"OS-092;ARC-001;Ar-condicionado central;Predial;Preventiva;2026-10-21;2026-10-28;;Aberta;Juliana Alves;Média"
"OS-093;TRN-001;Torno CNC;Produção;Preventiva;2026-10-22;2026-11-11;;Aberta;Carlos Lima;Média"
"OS-094;BMB-003;Bomba dosadora;Utilidades;Preventiva;2026-10-24;2026-11-08;;Aberta;Carlos Lima;Alta"
"OS-095;BMB-001;Bomba centrífuga 1;Utilidades;Preventiva;2026-10-26;2026-11-05;;Aberta;Ana Souza;Média"
"OS-096;CMP-001;Compressor de ar 1;Utilidades;Preventiva;2026-10-26;2026-11-05;;Aberta;Rafael Costa;Média"
"OS-097;GER-001;Gerador diesel;Elétrica;Preventiva;2026-10-27;2026-11-03;;Aberta;Paula Mendes;Média"
"OS-098;ARC-002;Ar-condicionado split sala 2;Predial;Preventiva;2026-10-28;2026-11-07;;Aberta;Juliana Alves;Baixa"
"OS-099;EXA-001;Exaustor industrial;Produção;Preventiva;2026-10-29;2026-11-08;;Aberta;Ana Souza;Alta"
"OS-100;TRF-001;Transformador 500 kVA;Elétrica;Preventiva;2026-11-01;2026-11-08;;Aberta;Ana Souza;Média"
